{
  "project_info": {
    "project_number": "162858890363",
    "project_id": "ttl3-d8747",
    "storage_bucket": "ttl3-d8747.firebasestorage.app"
  },
  "client": [
    {
      "client_info": {
        "mobilesdk_app_id": "1:162858890363:android:9d562c7fd0b614aec6dede",
        "android_client_info": {
          "package_name": "ntu.anh63133403.ttl3"
        }
      },
      "oauth_client": [],
      "api_key": [
        {
          "current_key": "AIzaSyDK2ApgITx7Lhyacfzk8HLltaUg8mrcOsQ"
        }
      ],
      "services": {
        "appinvite_service": {
          "other_platform_oauth_client": []
        }
      }
    }
  ],
  "configuration_version": "1"
}